                  epoch,         train/box_loss,         train/cls_loss,         train/dfl_loss,   metrics/precision(B),      metrics/recall(B),       metrics/mAP50(B),    metrics/mAP50-95(B),           val/box_loss,           val/cls_loss,           val/dfl_loss,                 lr/pg0,                 lr/pg1,                 lr/pg2
                      0,                 2.0439,                 3.0372,                 1.8679,                0.56095,                0.29298,                0.27082,                0.12734,                  1.608,                 1.8214,                 1.5068,               0.070124,              0.0033195,              0.0033195
                      1,                 1.7085,                 1.8193,                  1.521,                 0.5562,                0.34245,                0.30438,                0.15527,                 1.5471,                 1.6622,                 1.4726,               0.037929,              0.0044574,              0.0044574
                      2,                 1.6554,                 1.6775,                 1.4791,                0.35516,                0.39045,                 0.3581,                0.18565,                 1.5494,                 1.5967,                 1.4609,              0.0035336,              0.0033953,              0.0033953
