                  epoch,         train/box_loss,         train/cls_loss,         train/dfl_loss,   metrics/precision(B),      metrics/recall(B),       metrics/mAP50(B),    metrics/mAP50-95(B),           val/box_loss,           val/cls_loss,           val/dfl_loss,                 lr/pg0,                 lr/pg1,                 lr/pg2
                      0,                 1.9927,                 2.7518,                  1.764,                0.41018,                0.34565,                0.31827,                0.14315,                 1.9956,                 2.2707,                 1.7517,               0.070017,              0.0033315,              0.0033315
                      1,                 1.9019,                 2.2025,                 1.6699,                 0.4082,                0.32811,                0.29979,                0.12476,                 2.0332,                 2.4936,                 1.7562,               0.038697,              0.0053452,              0.0053452
                      2,                 1.9408,                 2.2441,                   1.71,                0.39838,                0.28994,                0.26459,                0.11449,                 2.1044,                 2.5191,                 1.8571,              0.0060574,              0.0060389,              0.0060389
                      3,                 1.8982,                 2.1622,                 1.6862,                0.45422,                0.36716,                0.36093,                0.16112,                 1.9349,                 2.2405,                 1.7184,                0.00406,                0.00406,                0.00406
                      4,                 1.8569,                 2.0723,                 1.6532,                0.48286,                0.40555,                0.39045,                0.17995,                 1.9069,                 2.1021,                 1.7035,                0.00406,                0.00406,                0.00406
